OWID_WRL		World	12/31/2019	27	27			0		0.003	0.003			0			7794798729	58.045	30.9	8.696	5.355	15469.207	10	233.07	8.51	6.434	34.635	60.13	2.705	72.58
OWID_WRL		World	1/1/2020	27	0			0		0.003	0			0			7794798729	58.045	30.9	8.696	5.355	15469.207	10	233.07	8.51	6.434	34.635	60.13	2.705	72.58
OWID_WRL		World	1/2/2020	27	0			0		0.003	0			0			7794798729	58.045	30.9	8.696	5.355	15469.207	10	233.07	8.51	6.434	34.635	60.13	2.705	72.58
OWID_WRL		World	1/3/2020	44	17			0		0.006	0.002			0			7794798729	58.045	30.9	8.696	5.355	15469.207	10	233.07	8.51	6.434	34.635	60.13	2.705	72.58
OWID_WRL		World	1/4/2020	44	0			0		0.006	0			0			7794798729	58.045	30.9	8.696	5.355	15469.207	10	233.07	8.51	6.434	34.635	60.13	2.705	72.58
OWID_WRL		World	1/5/2020	59	15			0		0.008	0.002			0			7794798729	58.045	30.9	8.696	5.355	15469.207	10	233.07	8.51	6.434	34.635	60.13	2.705	72.58
OWID_WRL		World	1/6/2020	59	0	8.429		0	0	0.008	0	0.001		0	0		7794798729	58.045	30.9	8.696	5.355	15469.207	10	233.07	8.51	6.434	34.635	60.13	2.705	72.58
OWID_WRL		World	1/7/2020	59	0	4.571		0	0	0.008	0	0.001		0	0		7794798729	58.045	30.9	8.696	5.355	15469.207	10	233.07	8.51	6.434	34.635	60.13	2.705	72.58
OWID_WRL		World	1/8/2020	59	0	4.571		0	0	0.008	0	0.001		0	0		7794798729	58.045	30.9	8.696	5.355	15469.207	10	233.07	8.51	6.434	34.635	60.13	2.705	72.58
OWID_WRL		World	1/9/2020	59	0	4.571		0	0	0.008	0	0.001		0	0		7794798729	58.045	30.9	8.696	5.355	15469.207	10	233.07	8.51	6.434	34.635	60.13	2.705	72.58
OWID_WRL		World	1/10/2020	59	0	2.143		0	0	0.008	0	0		0	0		7794798729	58.045	30.9	8.696	5.355	15469.207	10	233.07	8.51	6.434	34.635	60.13	2.705	72.58
OWID_WRL		World	1/11/2020	59	0	2.143	1	1	0.143	0.008	0	0	0	0	0		7794798729	58.045	30.9	8.696	5.355	15469.207	10	233.07	8.51	6.434	34.635	60.13	2.705	72.58
OWID_WRL		World	1/12/2020	59	0	0	1	0	0.143	0.008	0	0	0	0	0		7794798729	58.045	30.9	8.696	5.355	15469.207	10	233.07	8.51	6.434	34.635	60.13	2.705	72.58
OWID_WRL		World	1/13/2020	60	1	0.143	1	0	0.143	0.008	0	0	0	0	0		7794798729	58.045	30.9	8.696	5.355	15469.207	10	233.07	8.51	6.434	34.635	60.13	2.705	72.58
OWID_WRL		World	1/14/2020	61	1	0.286	1	0	0.143	0.008	0	0	0	0	0		7794798729	58.045	30.9	8.696	5.355	15469.207	10	233.07	8.51	6.434	34.635	60.13	2.705	72.58
OWID_WRL		World	1/15/2020	62	1	0.429	2	1	0.286	0.008	0	0	0	0	0		7794798729	58.045	30.9	8.696	5.355	15469.207	10	233.07	8.51	6.434	34.635	60.13	2.705	72.58
OWID_WRL		World	1/16/2020	62	0	0.429	2	0	0.286	0.008	0	0	0	0	0		7794798729	58.045	30.9	8.696	5.355	15469.207	10	233.07	8.51	6.434	34.635	60.13	2.705	72.58
OWID_WRL		World	1/17/2020	67	5	1.143	2	0	0.286	0.009	0.001	0	0	0	0		7794798729	58.045	30.9	8.696	5.355	15469.207	10	233.07	8.51	6.434	34.635	60.13	2.705	72.58
OWID_WRL		World	1/18/2020	84	17	3.571	2	0	0.143	0.011	0.002	0	0	0	0		7794798729	58.045	30.9	8.696	5.355	15469.207	10	233.07	8.51	6.434	34.635	60.13	2.705	72.58
OWID_WRL		World	1/19/2020	220	136	23	3	1	0.286	0.028	0.017	0.003	0	0	0		7794798729	58.045	30.9	8.696	5.355	15469.207	10	233.07	8.51	6.434	34.635	60.13	2.705	72.58
OWID_WRL		World	1/20/2020	240	20	25.714	3	0	0.286	0.031	0.003	0.003	0	0	0		7794798729	58.045	30.9	8.696	5.355	15469.207	10	233.07	8.51	6.434	34.635	60.13	2.705	72.58
OWID_WRL		World	1/21/2020	393	153	47.429	6	3	0.714	0.05	0.02	0.006	0.001	0	0		7794798729	58.045	30.9	8.696	5.355	15469.207	10	233.07	8.51	6.434	34.635	60.13	2.705	72.58
OWID_WRL		World	1/22/2020	535	142	67.571	17	11	2.143	0.069	0.018	0.009	0.002	0.001	0		7794798729	58.045	30.9	8.696	5.355	15469.207	10	233.07	8.51	6.434	34.635	60.13	2.705	72.58
OWID_WRL		World	1/23/2020	632	97	81.429	17	0	2.143	0.081	0.012	0.01	0.002	0	0		7794798729	58.045	30.9	8.696	5.355	15469.207	10	233.07	8.51	6.434	34.635	60.13	2.705	72.58
OWID_WRL		World	1/24/2020	898	266	118.714	26	9	3.429	0.115	0.034	0.015	0.003	0.001	0		7794798729	58.045	30.9	8.696	5.355	15469.207	10	233.07	8.51	6.434	34.635	60.13	2.705	72.58
OWID_WRL		World	1/25/2020	1351	453	181	41	15	5.571	0.173	0.058	0.023	0.005	0.002	0.001		7794798729	58.045	30.9	8.696	5.355	15469.207	10	233.07	8.51	6.434	34.635	60.13	2.705	72.58
OWID_WRL		World	1/26/2020	2024	673	257.714	56	15	7.571	0.26	0.086	0.033	0.007	0.002	0.001		7794798729	58.045	30.9	8.696	5.355	15469.207	10	233.07	8.51	6.434	34.635	60.13	2.705	72.58
OWID_WRL		World	1/27/2020	2821	797	368.714	81	25	11.143	0.362	0.102	0.047	0.01	0.003	0.001		7794798729	58.045	30.9	8.696	5.355	15469.207	10	233.07	8.51	6.434	34.635	60.13	2.705	72.58
OWID_WRL		World	1/28/2020	4588	1767	599.286	106	25	14.286	0.589	0.227	0.077	0.014	0.003	0.002		7794798729	58.045	30.9	8.696	5.355	15469.207	10	233.07	8.51	6.434	34.635	60.13	2.705	72.58
OWID_WRL		World	1/29/2020	6068	1480	790.429	132	26	16.429	0.778	0.19	0.101	0.017	0.003	0.002		7794798729	58.045	30.9	8.696	5.355	15469.207	10	233.07	8.51	6.434	34.635	60.13	2.705	72.58
OWID_WRL		World	1/30/2020	7825	1757	1027.571	170	38	21.857	1.004	0.225	0.132	0.022	0.005	0.003		7794798729	58.045	30.9	8.696	5.355	15469.207	10	233.07	8.51	6.434	34.635	60.13	2.705	72.58
OWID_WRL		World	1/31/2020	9826	2001	1275.429	213	43	26.714	1.261	0.257	0.164	0.027	0.006	0.003		7794798729	58.045	30.9	8.696	5.355	15469.207	10	233.07	8.51	6.434	34.635	60.13	2.705	72.58
OWID_WRL		World	2/1/2020	11948	2122	1513.857	259	46	31.143	1.533	0.272	0.194	0.033	0.006	0.004		7794798729	58.045	30.9	8.696	5.355	15469.207	10	233.07	8.51	6.434	34.635	60.13	2.705	72.58
OWID_WRL		World	2/2/2020	14556	2608	1790.286	305	46	35.571	1.867	0.335	0.23	0.039	0.006	0.005		7794798729	58.045	30.9	8.696	5.355	15469.207	10	233.07	8.51	6.434	34.635	60.13	2.705	72.58
OWID_WRL		World	2/3/2020	17374	2818	2079	362	57	40.143	2.229	0.362	0.267	0.046	0.007	0.005		7794798729	58.045	30.9	8.696	5.355	15469.207	10	233.07	8.51	6.434	34.635	60.13	2.705	72.58
OWID_WRL		World	2/4/2020	20617	3243	2289.857	427	65	45.857	2.645	0.416	0.294	0.055	0.008	0.006		7794798729	58.045	30.9	8.696	5.355	15469.207	10	233.07	8.51	6.434	34.635	60.13	2.705	72.58
OWID_WRL		World	2/5/2020	24525	3908	2636.714	493	66	51.571	3.146	0.501	0.338	0.063	0.008	0.007		7794798729	58.045	30.9	8.696	5.355	15469.207	10	233.07	8.51	6.434	34.635	60.13	2.705	72.58
OWID_WRL		World	2/6/2020	28276	3751	2921.571	565	72	56.429	3.628	0.481	0.375	0.072	0.009	0.007		7794798729	58.045	30.9	8.696	5.355	15469.207	10	233.07	8.51	6.434	34.635	60.13	2.705	72.58
OWID_WRL		World	2/7/2020	31494	3218	3095.429	638	73	60.714	4.04	0.413	0.397	0.082	0.009	0.008		7794798729	58.045	30.9	8.696	5.355	15469.207	10	233.07	8.51	6.434	34.635	60.13	2.705	72.58
OWID_WRL		World	2/8/2020	34936	3442	3284	724	86	66.429	4.482	0.442	0.421	0.093	0.011	0.009		7794798729	58.045	30.9	8.696	5.355	15469.207	10	233.07	8.51	6.434	34.635	60.13	2.705	72.58
OWID_WRL		World	2/9/2020	37554	2618	3285.429	813	89	72.571	4.818	0.336	0.421	0.104	0.011	0.009		7794798729	58.045	30.9	8.696	5.355	15469.207	10	233.07	8.51	6.434	34.635	60.13	2.705	72.58
OWID_WRL		World	2/10/2020	40546	2992	3310.286	910	97	78.286	5.202	0.384	0.425	0.117	0.012	0.01		7794798729	58.045	30.9	8.696	5.355	15469.207	10	233.07	8.51	6.434	34.635	60.13	2.705	72.58
OWID_WRL		World	2/11/2020	43109	2563	3213.143	1018	108	84.429	5.53	0.329	0.412	0.131	0.014	0.011		7794798729	58.045	30.9	8.696	5.355	15469.207	10	233.07	8.51	6.434	34.635	60.13	2.705	72.58
OWID_WRL		World	2/12/2020	45181	2072	2950.857	1115	97	88.857	5.796	0.266	0.379	0.143	0.012	0.011		7794798729	58.045	30.9	8.696	5.355	15469.207	10	233.07	8.51	6.434	34.635	60.13	2.705	72.58
OWID_WRL		World	2/13/2020	60332	15151	4579.429	1370	255	115	7.74	1.944	0.587	0.176	0.033	0.015		7794798729	58.045	30.9	8.696	5.355	15469.207	10	233.07	8.51	6.434	34.635	60.13	2.705	72.58
OWID_WRL		World	2/14/2020	64547	4215	4721.857	1383	13	106.429	8.281	0.541	0.606	0.177	0.002	0.014		7794798729	58.045	30.9	8.696	5.355	15469.207	10	233.07	8.51	6.434	34.635	60.13	2.705	72.58
OWID_WRL		World	2/15/2020	67107	2560	4595.857	1527	144	114.714	8.609	0.328	0.59	0.196	0.018	0.015		7794798729	58.045	30.9	8.696	5.355	15469.207	10	233.07	8.51	6.434	34.635	60.13	2.705	72.58
OWID_WRL		World	2/16/2020	69269	2162	4530.714	1669	142	122.286	8.887	0.277	0.581	0.214	0.018	0.016		7794798729	58.045	30.9	8.696	5.355	15469.207	10	233.07	8.51	6.434	34.635	60.13	2.705	72.58
OWID_WRL		World	2/17/2020	71336	2067	4398.571	1775	106	123.571	9.152	0.265	0.564	0.228	0.014	0.016		7794798729	58.045	30.9	8.696	5.355	15469.207	10	233.07	8.51	6.434	34.635	60.13	2.705	72.58
OWID_WRL		World	2/18/2020	73331	1995	4317.429	1873	98	122.143	9.408	0.256	0.554	0.24	0.013	0.016		7794798729	58.045	30.9	8.696	5.355	15469.207	10	233.07	8.51	6.434	34.635	60.13	2.705	72.58
OWID_WRL		World	2/19/2020	75195	1864	4287.714	2012	139	128.143	9.647	0.239	0.55	0.258	0.018	0.016		7794798729	58.045	30.9	8.696	5.355	15469.207	10	233.07	8.51	6.434	34.635	60.13	2.705	72.58
OWID_WRL		World	2/20/2020	75727	532	2199.286	2128	116	108.286	9.715	0.068	0.282	0.273	0.015	0.014		7794798729	58.045	30.9	8.696	5.355	15469.207	10	233.07	8.51	6.434	34.635	60.13	2.705	72.58
OWID_WRL		World	2/21/2020	76723	996	1739.429	2247	119	123.429	9.843	0.128	0.223	0.288	0.015	0.016		7794798729	58.045	30.9	8.696	5.355	15469.207	10	233.07	8.51	6.434	34.635	60.13	2.705	72.58
OWID_WRL		World	2/22/2020	77808	1085	1528.714	2359	112	118.857	9.982	0.139	0.196	0.303	0.014	0.015		7794798729	58.045	30.9	8.696	5.355	15469.207	10	233.07	8.51	6.434	34.635	60.13	2.705	72.58
OWID_WRL		World	2/23/2020	78818	1010	1364.143	2463	104	113.429	10.112	0.13	0.175	0.316	0.013	0.015		7794798729	58.045	30.9	8.696	5.355	15469.207	10	233.07	8.51	6.434	34.635	60.13	2.705	72.58
OWID_WRL		World	2/24/2020	79341	523	1143.571	2619	156	120.571	10.179	0.067	0.147	0.336	0.02	0.015		7794798729	58.045	30.9	8.696	5.355	15469.207	10	233.07	8.51	6.434	34.635	60.13	2.705	72.58
OWID_WRL		World	2/25/2020	80136	795	972.143	2698	79	117.857	10.281	0.102	0.125	0.346	0.01	0.015		7794798729	58.045	30.9	8.696	5.355	15469.207	10	233.07	8.51	6.434	34.635	60.13	2.705	72.58
OWID_WRL		World	2/26/2020	81003	867	829.714	2762	64	107.143	10.392	0.111	0.106	0.354	0.008	0.014		7794798729	58.045	30.9	8.696	5.355	15469.207	10	233.07	8.51	6.434	34.635	60.13	2.705	72.58
OWID_WRL		World	2/27/2020	82117	1114	912.857	2800	38	96	10.535	0.143	0.117	0.359	0.005	0.012		7794798729	58.045	30.9	8.696	5.355	15469.207	10	233.07	8.51	6.434	34.635	60.13	2.705	72.58
OWID_WRL		World	2/28/2020	83388	1271	952.143	2857	57	87.143	10.698	0.163	0.122	0.367	0.007	0.011		7794798729	58.045	30.9	8.696	5.355	15469.207	10	233.07	8.51	6.434	34.635	60.13	2.705	72.58
OWID_WRL		World	2/29/2020	85248	1860	1062.857	2921	64	80.286	10.937	0.239	0.136	0.375	0.008	0.01		7794798729	58.045	30.9	8.696	5.355	15469.207	10	233.07	8.51	6.434	34.635	60.13	2.705	72.58
OWID_WRL		World	3/1/2020	87073	1825	1179.286	2979	58	73.714	11.171	0.234	0.151	0.382	0.007	0.009		7794798729	58.045	30.9	8.696	5.355	15469.207	10	233.07	8.51	6.434	34.635	60.13	2.705	72.58
OWID_WRL		World	3/2/2020	89159	2086	1402.571	3046	67	61	11.438	0.268	0.18	0.391	0.009	0.008		7794798729	58.045	30.9	8.696	5.355	15469.207	10	233.07	8.51	6.434	34.635	60.13	2.705	72.58
OWID_WRL		World	3/3/2020	91017	1858	1554.429	3118	72	60	11.677	0.238	0.199	0.4	0.009	0.008		7794798729	58.045	30.9	8.696	5.355	15469.207	10	233.07	8.51	6.434	34.635	60.13	2.705	72.58
OWID_WRL		World	3/4/2020	93332	2315	1761.286	3202	84	62.857	11.974	0.297	0.226	0.411	0.011	0.008		7794798729	58.045	30.9	8.696	5.355	15469.207	10	233.07	8.51	6.434	34.635	60.13	2.705	72.58
OWID_WRL		World	3/5/2020	95689	2357	1938.857	3282	80	68.857	12.276	0.302	0.249	0.421	0.01	0.009		7794798729	58.045	30.9	8.696	5.355	15469.207	10	233.07	8.51	6.434	34.635	60.13	2.705	72.58
OWID_WRL		World	3/6/2020	98749	3060	2194.429	3384	102	75.286	12.669	0.393	0.282	0.434	0.013	0.01		7794798729	58.045	30.9	8.696	5.355	15469.207	10	233.07	8.51	6.434	34.635	60.13	2.705	72.58
OWID_WRL		World	3/7/2020	102869	4120	2517.286	3488	104	81	13.197	0.529	0.323	0.447	0.013	0.01		7794798729	58.045	30.9	8.696	5.355	15469.207	10	233.07	8.51	6.434	34.635	60.13	2.705	72.58
OWID_WRL		World	3/8/2020	106847	3978	2824.857	3585	97	86.571	13.707	0.51	0.362	0.46	0.012	0.011		7794798729	58.045	30.9	8.696	5.355	15469.207	10	233.07	8.51	6.434	34.635	60.13	2.705	72.58
OWID_WRL		World	3/9/2020	111026	4179	3123.857	3813	228	109.571	14.244	0.536	0.401	0.489	0.029	0.014		7794798729	58.045	30.9	8.696	5.355	15469.207	10	233.07	8.51	6.434	34.635	60.13	2.705	72.58
OWID_WRL		World	3/10/2020	115844	4818	3546.714	4021	208	129	14.862	0.618	0.455	0.516	0.027	0.017		7794798729	58.045	30.9	8.696	5.355	15469.207	10	233.07	8.51	6.434	34.635	60.13	2.705	72.58
OWID_WRL		World	3/11/2020	120962	5118	3947.143	4294	273	156	15.518	0.657	0.506	0.551	0.035	0.02		7794798729	58.045	30.9	8.696	5.355	15469.207	10	233.07	8.51	6.434	34.635	60.13	2.705	72.58
OWID_WRL		World	3/12/2020	128884	7922	4742.143	4629	335	192.429	16.535	1.016	0.608	0.594	0.043	0.025		7794798729	58.045	30.9	8.696	5.355	15469.207	10	233.07	8.51	6.434	34.635	60.13	2.705	72.58
OWID_WRL		World	3/13/2020	138358	9474	5658.429	4979	350	227.857	17.75	1.215	0.726	0.639	0.045	0.029		7794798729	58.045	30.9	8.696	5.355	15469.207	10	233.07	8.51	6.434	34.635	60.13	2.705	72.58
OWID_WRL		World	3/14/2020	148813	10455	6563.429	5422	443	276.286	19.091	1.341	0.842	0.696	0.057	0.035		7794798729	58.045	30.9	8.696	5.355	15469.207	10	233.07	8.51	6.434	34.635	60.13	2.705	72.58
OWID_WRL		World	3/15/2020	161013	12200	7738	5789	367	314.857	20.656	1.565	0.993	0.743	0.047	0.04		7794798729	58.045	30.9	8.696	5.355	15469.207	10	233.07	8.51	6.434	34.635	60.13	2.705	72.58
OWID_WRL		World	3/16/2020	173492	12479	8923.714	6540	751	389.571	22.257	1.601	1.145	0.839	0.096	0.05		7794798729	58.045	30.9	8.696	5.355	15469.207	10	233.07	8.51	6.434	34.635	60.13	2.705	72.58
OWID_WRL		World	3/17/2020	187733	14241	10269.857	7146	606	446.429	24.084	1.827	1.318	0.917	0.078	0.057		7794798729	58.045	30.9	8.696	5.355	15469.207	10	233.07	8.51	6.434	34.635	60.13	2.705	72.58
OWID_WRL		World	3/18/2020	204825	17092	11980.429	7957	811	523.286	26.277	2.193	1.537	1.021	0.104	0.067		7794798729	58.045	30.9	8.696	5.355	15469.207	10	233.07	8.51	6.434	34.635	60.13	2.705	72.58
OWID_WRL		World	3/19/2020	225119	20294	13747.857	8920	963	613	28.881	2.604	1.764	1.144	0.124	0.079		7794798729	58.045	30.9	8.696	5.355	15469.207	10	233.07	8.51	6.434	34.635	60.13	2.705	72.58
OWID_WRL		World	3/20/2020	256315	31196	16851	9995	1075	716.571	32.883	4.002	2.162	1.282	0.138	0.092		7794798729	58.045	30.9	8.696	5.355	15469.207	10	233.07	8.51	6.434	34.635	60.13	2.705	72.58
OWID_WRL		World	3/21/2020	288303	31988	19927.143	11382	1387	851.429	36.987	4.104	2.556	1.46	0.178	0.109		7794798729	58.045	30.9	8.696	5.355	15469.207	10	233.07	8.51	6.434	34.635	60.13	2.705	72.58
OWID_WRL		World	3/22/2020	322529	34226	23073.714	13098	1716	1044.143	41.377	4.391	2.96	1.68	0.22	0.134		7794798729	58.045	30.9	8.696	5.355	15469.207	10	233.07	8.51	6.434	34.635	60.13	2.705	72.58
OWID_WRL		World	3/23/2020	356799	34270	26186.714	14789	1691	1178.429	45.774	4.397	3.36	1.897	0.217	0.151		7794798729	58.045	30.9	8.696	5.355	15469.207	10	233.07	8.51	6.434	34.635	60.13	2.705	72.58
OWID_WRL		World	3/24/2020	401369	44570	30519.429	16643	1854	1356.714	51.492	5.718	3.915	2.135	0.238	0.174		7794798729	58.045	30.9	8.696	5.355	15469.207	10	233.07	8.51	6.434	34.635	60.13	2.705	72.58
OWID_WRL		World	3/25/2020	443905	42536	34154.286	18958	2315	1571.571	56.949	5.457	4.382	2.432	0.297	0.202		7794798729	58.045	30.9	8.696	5.355	15469.207	10	233.07	8.51	6.434	34.635	60.13	2.705	72.58
OWID_WRL		World	3/26/2020	497740	53835	38945.857	21603	2645	1811.857	63.855	6.907	4.996	2.771	0.339	0.232		7794798729	58.045	30.9	8.696	5.355	15469.207	10	233.07	8.51	6.434	34.635	60.13	2.705	72.58
OWID_WRL		World	3/27/2020	558849	61109	43219.143	24417	2814	2060.286	71.695	7.84	5.545	3.132	0.361	0.264		7794798729	58.045	30.9	8.696	5.355	15469.207	10	233.07	8.51	6.434	34.635	60.13	2.705	72.58
OWID_WRL		World	3/28/2020	624034	65185	47961.571	27909	3492	2361	80.058	8.363	6.153	3.58	0.448	0.303		7794798729	58.045	30.9	8.696	5.355	15469.207	10	233.07	8.51	6.434	34.635	60.13	2.705	72.58
OWID_WRL		World	3/29/2020	686888	62854	52051.286	31499	3590	2628.714	88.121	8.064	6.678	4.041	0.461	0.337		7794798729	58.045	30.9	8.696	5.355	15469.207	10	233.07	8.51	6.434	34.635	60.13	2.705	72.58
OWID_WRL		World	3/30/2020	744252	57364	55350.429	34730	3231	2848.714	95.481	7.359	7.101	4.456	0.415	0.365		7794798729	58.045	30.9	8.696	5.355	15469.207	10	233.07	8.51	6.434	34.635	60.13	2.705	72.58
OWID_WRL		World	3/31/2020	808965	64713	58228	38723	3993	3154.286	103.783	8.302	7.47	4.968	0.512	0.405		7794798729	58.045	30.9	8.696	5.355	15469.207	10	233.07	8.51	6.434	34.635	60.13	2.705	72.58
OWID_WRL		World	4/1/2020	883804	74839	62842.714	43400	4677	3491.714	113.384	9.601	8.062	5.568	0.6	0.448		7794798729	58.045	30.9	8.696	5.355	15469.207	10	233.07	8.51	6.434	34.635	60.13	2.705	72.58
OWID_WRL		World	4/2/2020	961451	77647	66244.429	48415	5015	3830.286	123.345	9.961	8.499	6.211	0.643	0.491		7794798729	58.045	30.9	8.696	5.355	15469.207	10	233.07	8.51	6.434	34.635	60.13	2.705	72.58
OWID_WRL		World	4/3/2020	1039097	77646	68606.857	53441	5026	4146.286	133.306	9.961	8.802	6.856	0.645	0.532		7794798729	58.045	30.9	8.696	5.355	15469.207	10	233.07	8.51	6.434	34.635	60.13	2.705	72.58
OWID_WRL		World	4/4/2020	1121096	81999	71008.857	60227	6786	4616.857	143.826	10.52	9.11	7.727	0.871	0.592		7794798729	58.045	30.9	8.696	5.355	15469.207	10	233.07	8.51	6.434	34.635	60.13	2.705	72.58
OWID_WRL		World	4/5/2020	1206366	85270	74211.143	66525	6298	5003.714	154.766	10.939	9.521	8.535	0.808	0.642		7794798729	58.045	30.9	8.696	5.355	15469.207	10	233.07	8.51	6.434	34.635	60.13	2.705	72.58
OWID_WRL		World	4/6/2020	1272626	66260	75482	71296	4771	5223.714	163.266	8.501	9.684	9.147	0.612	0.67		7794798729	58.045	30.9	8.696	5.355	15469.207	10	233.07	8.51	6.434	34.635	60.13	2.705	72.58
OWID_WRL		World	4/7/2020	1345891	73265	76703.714	76641	5345	5416.857	172.665	9.399	9.84	9.832	0.686	0.695		7794798729	58.045	30.9	8.696	5.355	15469.207	10	233.07	8.51	6.434	34.635	60.13	2.705	72.58
OWID_WRL		World	4/8/2020	1423285	77394	77068.714	84217	7576	5831	182.594	9.929	9.887	10.804	0.972	0.748		7794798729	58.045	30.9	8.696	5.355	15469.207	10	233.07	8.51	6.434	34.635	60.13	2.705	72.58
OWID_WRL		World	4/9/2020	1508343	85058	78127.429	90787	6570	6053.143	193.506	10.912	10.023	11.647	0.843	0.777		7794798729	58.045	30.9	8.696	5.355	15469.207	10	233.07	8.51	6.434	34.635	60.13	2.705	72.58
OWID_WRL		World	4/10/2020	1595776	87433	79525.571	98211	7424	6395.714	204.723	11.217	10.202	12.6	0.952	0.821		7794798729	58.045	30.9	8.696	5.355	15469.207	10	233.07	8.51	6.434	34.635	60.13	2.705	72.58
OWID_WRL		World	4/11/2020	1685399	89623	80614.714	105227	7016	6428.571	216.221	11.498	10.342	13.5	0.9	0.825		7794798729	58.045	30.9	8.696	5.355	15469.207	10	233.07	8.51	6.434	34.635	60.13	2.705	72.58
OWID_WRL		World	4/12/2020	1760764	75365	79199.714	111291	6064	6395.143	225.89	9.669	10.161	14.278	0.778	0.82		7794798729	58.045	30.9	8.696	5.355	15469.207	10	233.07	8.51	6.434	34.635	60.13	2.705	72.58
OWID_WRL		World	4/13/2020	1829287	68523	79523	116626	5335	6475.714	234.68	8.791	10.202	14.962	0.684	0.831		7794798729	58.045	30.9	8.696	5.355	15469.207	10	233.07	8.51	6.434	34.635	60.13	2.705	72.58
OWID_WRL		World	4/14/2020	1894542	65255	78378.714	122016	5390	6482.143	243.052	8.372	10.055	15.654	0.691	0.832		7794798729	58.045	30.9	8.696	5.355	15469.207	10	233.07	8.51	6.434	34.635	60.13	2.705	72.58
OWID_WRL		World	4/15/2020	1971519	76977	78319.143	129635	7619	6488.286	252.928	9.875	10.048	16.631	0.977	0.832		7794798729	58.045	30.9	8.696	5.355	15469.207	10	233.07	8.51	6.434	34.635	60.13	2.705	72.58
OWID_WRL		World	4/16/2020	2050331	78812	77426.857	140126	10491	7048.429	263.038	10.111	9.933	17.977	1.346	0.904		7794798729	58.045	30.9	8.696	5.355	15469.207	10	233.07	8.51	6.434	34.635	60.13	2.705	72.58
OWID_WRL		World	4/17/2020	2134761	84430	76997.857	148653	8527	7206	273.87	10.832	9.878	19.071	1.094	0.924		7794798729	58.045	30.9	8.696	5.355	15469.207	10	233.07	8.51	6.434	34.635	60.13	2.705	72.58
OWID_WRL		World	4/18/2020	2217038	82277	75948.429	157116	8463	7412.714	284.425	10.555	9.743	20.157	1.086	0.951		7794798729	58.045	30.9	8.696	5.355	15469.207	10	233.07	8.51	6.434	34.635	60.13	2.705	72.58
OWID_WRL		World	4/19/2020	2296734	79696	76567.143	163489	6373	7456.857	294.65	10.224	9.823	20.974	0.818	0.957		7794798729	58.045	30.9	8.696	5.355	15469.207	10	233.07	8.51	6.434	34.635	60.13	2.705	72.58
OWID_WRL		World	4/20/2020	2367237	70503	76850	168477	4988	7407.286	303.694	9.045	9.859	21.614	0.64	0.95		7794798729	58.045	30.9	8.696	5.355	15469.207	10	233.07	8.51	6.434	34.635	60.13	2.705	72.58
OWID_WRL		World	4/21/2020	2441893	74656	78193	173927	5450	7415.857	313.272	9.578	10.031	22.313	0.699	0.951		7794798729	58.045	30.9	8.696	5.355	15469.207	10	233.07	8.51	6.434	34.635	60.13	2.705	72.58
OWID_WRL		World	4/22/2020	2529214	87321	79670.714	181170	7243	7362.143	324.475	11.202	10.221	23.242	0.929	0.944		7794798729	58.045	30.9	8.696	5.355	15469.207	10	233.07	8.51	6.434	34.635	60.13	2.705	72.58
OWID_WRL		World	4/23/2020	2595818	66604	77926.714	187105	5935	6711.286	333.019	8.545	9.997	24.004	0.761	0.861		7794798729	58.045	30.9	8.696	5.355	15469.207	10	233.07	8.51	6.434	34.635	60.13	2.705	72.58
OWID_WRL		World	4/24/2020	2674605	78787	77120.571	194440	7335	6541	343.127	10.108	9.894	24.945	0.941	0.839		7794798729	58.045	30.9	8.696	5.355	15469.207	10	233.07	8.51	6.434	34.635	60.13	2.705	72.58
OWID_WRL		World	4/25/2020	2747755	73150	75816.714	199799	5359	6097.571	352.511	9.384	9.727	25.632	0.688	0.782		7794798729	58.045	30.9	8.696	5.355	15469.207	10	233.07	8.51	6.434	34.635	60.13	2.705	72.58
OWID_WRL		World	4/26/2020	2847602	99847	78695.429	205959	6160	6067.143	365.321	12.809	10.096	26.423	0.79	0.778		7794798729	58.045	30.9	8.696	5.355	15469.207	10	233.07	8.51	6.434	34.635	60.13	2.705	72.58
OWID_WRL		World	4/27/2020	2929436	81834	80314.143	209872	3913	5913.571	375.819	10.499	10.304	26.925	0.502	0.759		7794798729	58.045	30.9	8.696	5.355	15469.207	10	233.07	8.51	6.434	34.635	60.13	2.705	72.58
OWID_WRL		World	4/28/2020	2996209	66773	79188	214771	4899	5834.857	384.386	8.566	10.159	27.553	0.628	0.749		7794798729	58.045	30.9	8.696	5.355	15469.207	10	233.07	8.51	6.434	34.635	60.13	2.705	72.58
OWID_WRL		World	4/29/2020	3069037	72828	77117.571	221337	6566	5738.143	393.729	9.343	9.893	28.395	0.842	0.736		7794798729	58.045	30.9	8.696	5.355	15469.207	10	233.07	8.51	6.434	34.635	60.13	2.705	72.58
OWID_WRL		World	4/30/2020	3148547	79510	78961.286	227899	6562	5827.714	403.929	10.2	10.13	29.237	0.842	0.748		7794798729	58.045	30.9	8.696	5.355	15469.207	10	233.07	8.51	6.434	34.635	60.13	2.705	72.58
OWID_WRL		World	5/1/2020	3234220	85673	79945	233549	5650	5587	414.92	10.991	10.256	29.962	0.725	0.717		7794798729	58.045	30.9	8.696	5.355	15469.207	10	233.07	8.51	6.434	34.635	60.13	2.705	72.58
OWID_WRL		World	5/2/2020	3322751	88531	82142.286	239126	5577	5618.143	426.278	11.358	10.538	30.678	0.715	0.721		7794798729	58.045	30.9	8.696	5.355	15469.207	10	233.07	8.51	6.434	34.635	60.13	2.705	72.58
OWID_WRL		World	5/3/2020	3403382	80631	79397.143	243934	4808	5425	436.622	10.344	10.186	31.294	0.617	0.696		7794798729	58.045	30.9	8.696	5.355	15469.207	10	233.07	8.51	6.434	34.635	60.13	2.705	72.58
OWID_WRL		World	5/4/2020	3480405	77023	78709.857	247640	3706	5395.429	446.504	9.881	10.098	31.77	0.475	0.692		7794798729	58.045	30.9	8.696	5.355	15469.207	10	233.07	8.51	6.434	34.635	60.13	2.705	72.58
OWID_WRL		World	5/5/2020	3558014	77609	80257.857	251626	3986	5265	456.46	9.957	10.296	32.281	0.511	0.675		7794798729	58.045	30.9	8.696	5.355	15469.207	10	233.07	8.51	6.434	34.635	60.13	2.705	72.58
OWID_WRL		World	5/6/2020	3637570	79556	81219	257583	5957	5178	466.666	10.206	10.42	33.045	0.764	0.664		7794798729	58.045	30.9	8.696	5.355	15469.207	10	233.07	8.51	6.434	34.635	60.13	2.705	72.58
OWID_WRL		World	5/7/2020	3725873	88303	82475.143	263707	6124	5115.429	477.995	11.328	10.581	33.831	0.786	0.656		7794798729	58.045	30.9	8.696	5.355	15469.207	10	233.07	8.51	6.434	34.635	60.13	2.705	72.58
OWID_WRL		World	5/8/2020	3818689	92816	83495.571	269349	5642	5114.286	489.902	11.907	10.712	34.555	0.724	0.656		7794798729	58.045	30.9	8.696	5.355	15469.207	10	233.07	8.51	6.434	34.635	60.13	2.705	72.58
OWID_WRL		World	5/9/2020	3908387	89698	83662.286	274461	5112	5047.857	501.41	11.507	10.733	35.211	0.656	0.648		7794798729	58.045	30.9	8.696	5.355	15469.207	10	233.07	8.51	6.434	34.635	60.13	2.705	72.58
OWID_WRL		World	5/10/2020	3996805	88418	84774.714	278867	4406	4990.429	512.753	11.343	10.876	35.776	0.565	0.64		7794798729	58.045	30.9	8.696	5.355	15469.207	10	233.07	8.51	6.434	34.635	60.13	2.705	72.58
OWID_WRL		World	5/11/2020	4071339	74534	84419.143	282293	3426	4950.429	522.315	9.562	10.83	36.216	0.44	0.635		7794798729	58.045	30.9	8.696	5.355	15469.207	10	233.07	8.51	6.434	34.635	60.13	2.705	72.58
OWID_WRL		World	5/12/2020	4142710	71371	83528	285883	3590	4893.857	531.471	9.156	10.716	36.676	0.461	0.628		7794798729	58.045	30.9	8.696	5.355	15469.207	10	233.07	8.51	6.434	34.635	60.13	2.705	72.58
OWID_WRL		World	5/13/2020	4229829	87119	84608.429	291640	5757	4865.286	542.648	11.177	10.854	37.415	0.739	0.624		7794798729	58.045	30.9	8.696	5.355	15469.207	10	233.07	8.51	6.434	34.635	60.13	2.705	72.58
OWID_WRL		World	5/14/2020	4317319	87490	84492.286	296658	5018	4707.286	553.872	11.224	10.84	38.058	0.644	0.604		7794798729	58.045	30.9	8.696	5.355	15469.207	10	233.07	8.51	6.434	34.635	60.13	2.705	72.58
OWID_WRL		World	5/15/2020	4414503	97184	85116.286	301914	5256	4652.143	566.34	12.468	10.92	38.733	0.674	0.597		7794798729	58.045	30.9	8.696	5.355	15469.207	10	233.07	8.51	6.434	34.635	60.13	2.705	72.58
OWID_WRL		World	5/16/2020	4512734	98231	86335.286	306973	5059	4644.571	578.942	12.602	11.076	39.382	0.649	0.596		7794798729	58.045	30.9	8.696	5.355	15469.207	10	233.07	8.51	6.434	34.635	60.13	2.705	72.58
OWID_WRL		World	5/17/2020	4605708	92974	86986.143	311197	4224	4618.571	590.869	11.928	11.16	39.924	0.542	0.593		7794798729	58.045	30.9	8.696	5.355	15469.207	10	233.07	8.51	6.434	34.635	60.13	2.705	72.58
OWID_WRL		World	5/18/2020	4684759	79051	87631.429	314095	2898	4543.143	601.011	10.142	11.242	40.295	0.372	0.583		7794798729	58.045	30.9	8.696	5.355	15469.207	10	233.07	8.51	6.434	34.635	60.13	2.705	72.58
OWID_WRL		World	5/19/2020	4772710	87951	90000	317393	3298	4501.429	612.294	11.283	11.546	40.719	0.423	0.577		7794798729	58.045	30.9	8.696	5.355	15469.207	10	233.07	8.51	6.434	34.635	60.13	2.705	72.58
OWID_WRL		World	5/20/2020	4869088	96378	91322.714	322577	5184	4419.571	624.659	12.364	11.716	41.384	0.665	0.567		7794798729	58.045	30.9	8.696	5.355	15469.207	10	233.07	8.51	6.434	34.635	60.13	2.705	72.58
OWID_WRL		World	5/21/2020	4974061	104973	93820.286	327295	4718	4376.714	638.126	13.467	12.036	41.989	0.605	0.561		7794798729	58.045	30.9	8.696	5.355	15469.207	10	233.07	8.51	6.434	34.635	60.13	2.705	72.58
OWID_WRL		World	5/22/2020	5082846	108785	95477.571	332685	5390	4395.857	652.082	13.956	12.249	42.68	0.691	0.564		7794798729	58.045	30.9	8.696	5.355	15469.207	10	233.07	8.51	6.434	34.635	60.13	2.705	72.58
OWID_WRL		World	5/23/2020	5189649	106803	96702.143	337331	4646	4336.857	665.784	13.702	12.406	43.276	0.596	0.556		7794798729	58.045	30.9	8.696	5.355	15469.207	10	233.07	8.51	6.434	34.635	60.13	2.705	72.58
OWID_WRL		World	5/24/2020	5288603	98954	97556.429	341247	3916	4292.857	678.478	12.695	12.516	43.779	0.502	0.551		7794798729	58.045	30.9	8.696	5.355	15469.207	10	233.07	8.51	6.434	34.635	60.13	2.705	72.58
OWID_WRL		World	5/25/2020	5380855	92252	99442.286	342353	1106	4036.857	690.314	11.835	12.758	43.921	0.142	0.518		7794798729	58.045	30.9	8.696	5.355	15469.207	10	233.07	8.51	6.434	34.635	60.13	2.705	72.58
OWID_WRL		World	5/26/2020	5471806	90951	99870.857	345721	3368	4046.857	701.982	11.668	12.812	44.353	0.432	0.519		7794798729	58.045	30.9	8.696	5.355	15469.207	10	233.07	8.51	6.434	34.635	60.13	2.705	72.58
OWID_WRL		World	5/27/2020	5566446	94640	99622.571	349592	3871	3859.286	714.123	12.141	12.781	44.849	0.497	0.495		7794798729	58.045	30.9	8.696	5.355	15469.207	10	233.07	8.51	6.434	34.635	60.13	2.705	72.58
OWID_WRL		World	5/28/2020	5670259	103813	99456.857	354734	5142	3919.857	727.441	13.318	12.759	45.509	0.66	0.503		7794798729	58.045	30.9	8.696	5.355	15469.207	10	233.07	8.51	6.434	34.635	60.13	2.705	72.58
OWID_WRL		World	5/29/2020	5789591	119332	100963.571	359376	4642	3813	742.751	15.309	12.953	46.105	0.596	0.489		7794798729	58.045	30.9	8.696	5.355	15469.207	10	233.07	8.51	6.434	34.635	60.13	2.705	72.58
OWID_WRL		World	5/30/2020	5912777	123186	103304	364030	4654	3814.143	758.554	15.804	13.253	46.702	0.597	0.489		7794798729	58.045	30.9	8.696	5.355	15469.207	10	233.07	8.51	6.434	34.635	60.13	2.705	72.58
OWID_WRL		World	5/31/2020	6040543	127766	107420	368042	4012	3827.857	774.945	16.391	13.781	47.216	0.515	0.491		7794798729	58.045	30.9	8.696	5.355	15469.207	10	233.07	8.51	6.434	34.635	60.13	2.705	72.58
OWID_WRL		World	6/1/2020	6146168	105625	109330.429	370956	2914	4086.143	788.496	13.551	14.026	47.59	0.374	0.524		7794798729	58.045	30.9	8.696	5.355	15469.207	10	233.07	8.51	6.434	34.635	60.13	2.705	72.58
OWID_WRL		World	6/2/2020	6248940	102772	111019.143	374101	3145	4054.286	801.681	13.185	14.243	47.994	0.403	0.52		7794798729	58.045	30.9	8.696	5.355	15469.207	10	233.07	8.51	6.434	34.635	60.13	2.705	72.58
OWID_WRL		World	6/3/2020	6362151	113211	113672.143	378645	4544	4150.429	816.205	14.524	14.583	48.577	0.583	0.532		7794798729	58.045	30.9	8.696	5.355	15469.207	10	233.07	8.51	6.434	34.635	60.13	2.705	72.58
OWID_WRL		World	6/4/2020	6488667	126516	116915.429	384161	5516	4203.857	832.435	16.231	14.999	49.284	0.708	0.539		7794798729	58.045	30.9	8.696	5.355	15469.207	10	233.07	8.51	6.434	34.635	60.13	2.705	72.58
OWID_WRL		World	6/5/2020	6616019	127352	118061.143	389291	5130	4273.571	848.774	16.338	15.146	49.942	0.658	0.548		7794798729	58.045	30.9	8.696	5.355	15469.207	10	233.07	8.51	6.434	34.635	60.13	2.705	72.58
OWID_WRL		World	6/6/2020	6749876	133857	119585.571	393930	4639	4271.429	865.946	17.173	15.342	50.538	0.595	0.548		7794798729	58.045	30.9	8.696	5.355	15469.207	10	233.07	8.51	6.434	34.635	60.13	2.705	72.58
OWID_WRL		World	6/7/2020	6875263	125387	119245.714	397717	3787	4239.286	882.032	16.086	15.298	51.023	0.486	0.544		7794798729	58.045	30.9	8.696	5.355	15469.207	10	233.07	8.51	6.434	34.635	60.13	2.705	72.58
OWID_WRL		World	6/8/2020	6988931	113668	120394.714	401228	3511	4324.571	896.615	14.583	15.446	51.474	0.45	0.555		7794798729	58.045	30.9	8.696	5.355	15469.207	10	233.07	8.51	6.434	34.635	60.13	2.705	72.58
OWID_WRL		World	6/9/2020	7097681	108750	121248.714	404442	3214	4334.429	910.566	13.952	15.555	51.886	0.412	0.556		7794798729	58.045	30.9	8.696	5.355	15469.207	10	233.07	8.51	6.434	34.635	60.13	2.705	72.58
OWID_WRL		World	6/10/2020	7224452	126771	123185.857	409295	4853	4378.571	926.83	16.264	15.804	52.509	0.623	0.562		7794798729	58.045	30.9	8.696	5.355	15469.207	10	233.07	8.51	6.434	34.635	60.13	2.705	72.58
OWID_WRL		World	6/11/2020	7360113	135661	124492.286	414426	5131	4323.571	944.234	17.404	15.971	53.167	0.658	0.555		7794798729	58.045	30.9	8.696	5.355	15469.207	10	233.07	8.51	6.434	34.635	60.13	2.705	72.58
OWID_WRL		World	6/12/2020	7496841	136728	125831.714	419121	4695	4261.429	961.775	17.541	16.143	53.769	0.602	0.547		7794798729	58.045	30.9	8.696	5.355	15469.207	10	233.07	8.51	6.434	34.635	60.13	2.705	72.58
OWID_WRL		World	6/13/2020	7641831	144990	127422.143	423768	4647	4262.571	980.376	18.601	16.347	54.365	0.596	0.547		7794798729	58.045	30.9	8.696	5.355	15469.207	10	233.07	8.51	6.434	34.635	60.13	2.705	72.58
OWID_WRL		World	6/14/2020	7774800	132969	128505.286	427907	4139	4312.857	997.434	17.059	16.486	54.896	0.531	0.553		7794798729	58.045	30.9	8.696	5.355	15469.207	10	233.07	8.51	6.434	34.635	60.13	2.705	72.58
OWID_WRL		World	6/15/2020	7894416	119616	129355	431064	3157	4262.286	1012.78	15.346	16.595	55.301	0.405	0.547		7794798729	58.045	30.9	8.696	5.355	15469.207	10	233.07	8.51	6.434	34.635	60.13	2.705	72.58
OWID_WRL		World	6/16/2020	8016008	121592	131189.571	434441	3377	4285.571	1028.379	15.599	16.83	55.735	0.433	0.55		7794798729	58.045	30.9	8.696	5.355	15469.207	10	233.07	8.51	6.434	34.635	60.13	2.705	72.58
OWID_WRL		World	6/17/2020	8159259	143251	133543.857	441160	6719	4552.143	1046.757	18.378	17.132	56.597	0.862	0.584		7794798729	58.045	30.9	8.696	5.355	15469.207	10	233.07	8.51	6.434	34.635	60.13	2.705	72.58
OWID_WRL		World	6/18/2020	8337287	178028	139596.286	446259	5099	4547.571	1069.596	22.839	17.909	57.251	0.654	0.583		7794798729	58.045	30.9	8.696	5.355	15469.207	10	233.07	8.51	6.434	34.635	60.13	2.705	72.58
OWID_WRL		World	6/19/2020	8476097	138810	139893.714	452534	6275	4773.286	1087.404	17.808	17.947	58.056	0.805	0.612		7794798729	58.045	30.9	8.696	5.355	15469.207	10	233.07	8.51	6.434	34.635	60.13	2.705	72.58
OWID_WRL		World	6/20/2020	8657451	181354	145088.571	457566	5032	4828.286	1110.67	23.266	18.614	58.701	0.646	0.619		7794798729	58.045	30.9	8.696	5.355	15469.207	10	233.07	8.51	6.434	34.635	60.13	2.705	72.58
OWID_WRL		World	6/21/2020	8816587	159136	148826.714	461682	4116	4825	1131.086	20.416	19.093	59.229	0.528	0.619		7794798729	58.045	30.9	8.696	5.355	15469.207	10	233.07	8.51	6.434	34.635	60.13	2.705	72.58
OWID_WRL		World	6/22/2020	8942873	126286	149779.571	465649	3967	4940.714	1147.287	16.201	19.215	59.738	0.509	0.634		7794798729	58.045	30.9	8.696	5.355	15469.207	10	233.07	8.51	6.434	34.635	60.13	2.705	72.58
OWID_WRL		World	6/23/2020	9079367	136494	151908.429	469044	3395	4943.286	1164.798	17.511	19.488	60.174	0.436	0.634		7794798729	58.045	30.9	8.696	5.355	15469.207	10	233.07	8.51	6.434	34.635	60.13	2.705	72.58
OWID_WRL		World	6/24/2020	9243544	164177	154897.857	474394	5350	4747.714	1185.861	21.062	19.872	60.86	0.686	0.609		7794798729	58.045	30.9	8.696	5.355	15469.207	10	233.07	8.51	6.434	34.635	60.13	2.705	72.58
OWID_WRL		World	6/25/2020	9419365	175821	154582.571	479609	5215	4764.286	1208.417	22.556	19.832	61.529	0.669	0.611		7794798729	58.045	30.9	8.696	5.355	15469.207	10	233.07	8.51	6.434	34.635	60.13	2.705	72.58
OWID_WRL		World	6/26/2020	9598233	178868	160305.143	486186	6577	4807.429	1231.364	22.947	20.566	62.373	0.844	0.617		7794798729	58.045	30.9	8.696	5.355	15469.207	10	233.07	8.51	6.434	34.635	60.13	2.705	72.58
OWID_WRL		World	6/27/2020	9787933	189700	161497.429	490746	4560	4740	1255.701	24.337	20.719	62.958	0.585	0.608		7794798729	58.045	30.9	8.696	5.355	15469.207	10	233.07	8.51	6.434	34.635	60.13	2.705	72.58
OWID_WRL		World	6/28/2020	9969180	181247	164656.143	495337	4591	4807.857	1278.953	23.252	21.124	63.547	0.589	0.617		7794798729	58.045	30.9	8.696	5.355	15469.207	10	233.07	8.51	6.434	34.635	60.13	2.705	72.58
OWID_WRL		World	6/29/2020	10128250	159070	169339.571	498407	3070	4679.714	1299.36	20.407	21.725	63.941	0.394	0.6		7794798729	58.045	30.9	8.696	5.355	15469.207	10	233.07	8.51	6.434	34.635	60.13	2.705	72.58
OWID_WRL		World	6/30/2020	10290065	161815	172956.857	502111	3704	4723.857	1320.119	20.759	22.189	64.416	0.475	0.606		7794798729	58.045	30.9	8.696	5.355	15469.207	10	233.07	8.51	6.434	34.635	60.13	2.705	72.58
OWID_WRL		World	7/1/2020	10483862	193797	177188.286	507734	5623	4762.857	1344.982	24.862	22.732	65.138	0.721	0.611		7794798729	58.045	30.9	8.696	5.355	15469.207	10	233.07	8.51	6.434	34.635	60.13	2.705	72.58
OWID_WRL		World	7/2/2020	10686100	202238	180962.143	512573	4839	4709.143	1370.927	25.945	23.216	65.758	0.621	0.604		7794798729	58.045	30.9	8.696	5.355	15469.207	10	233.07	8.51	6.434	34.635	60.13	2.705	72.58
OWID_WRL		World	7/3/2020	10894984	208884	185250.143	517650	5077	4494.857	1397.725	26.798	23.766	66.41	0.651	0.577		7794798729	58.045	30.9	8.696	5.355	15469.207	10	233.07	8.51	6.434	34.635	60.13	2.705	72.58
OWID_WRL		World	7/4/2020	11100784	205800	187550.143	522662	5012	4559.429	1424.127	26.402	24.061	67.053	0.643	0.585		7794798729	58.045	30.9	8.696	5.355	15469.207	10	233.07	8.51	6.434	34.635	60.13	2.705	72.58
OWID_WRL		World	7/5/2020	11288557	187773	188482.429	527001	4339	4523.429	1448.217	24.09	24.181	67.609	0.557	0.58		7794798729	58.045	30.9	8.696	5.355	15469.207	10	233.07	8.51	6.434	34.635	60.13	2.705	72.58
OWID_WRL		World	7/6/2020	11465106	176549	190979.429	530379	3378	4567.429	1470.866	22.65	24.501	68.043	0.433	0.586		7794798729	58.045	30.9	8.696	5.355	15469.207	10	233.07	8.51	6.434	34.635	60.13	2.705	72.58
OWID_WRL		World	7/7/2020	11642268	177162	193171.857	534220	3841	4587	1493.594	22.728	24.782	68.535	0.493	0.588		7794798729	58.045	30.9	8.696	5.355	15469.207	10	233.07	8.51	6.434	34.635	60.13	2.705	72.58
OWID_WRL		World	7/8/2020	11850779	208511	195273.857	540216	5996	4640.286	1520.344	26.75	25.052	69.305	0.769	0.595		7794798729	58.045	30.9	8.696	5.355	15469.207	10	233.07	8.51	6.434	34.635	60.13	2.705	72.58
OWID_WRL		World	7/9/2020	12066691	215912	197227.286	545493	5277	4702.857	1548.044	27.699	25.302	69.982	0.677	0.603		7794798729	58.045	30.9	8.696	5.355	15469.207	10	233.07	8.51	6.434	34.635	60.13	2.705	72.58
OWID_WRL		World	7/10/2020	12291652	224961	199524	550876	5383	4746.571	1576.904	28.86	25.597	70.672	0.691	0.609		7794798729	58.045	30.9	8.696	5.355	15469.207	10	233.07	8.51	6.434	34.635	60.13	2.705	72.58
OWID_WRL		World	7/11/2020	12523372	231720	203226.857	556153	5277	4784.429	1606.632	29.728	26.072	71.349	0.677	0.614		7794798729	58.045	30.9	8.696	5.355	15469.207	10	233.07	8.51	6.434	34.635	60.13	2.705	72.58
OWID_WRL		World	7/12/2020	12739091	215719	207219.143	560946	4793	4849.286	1634.307	27.675	26.584	71.964	0.615	0.622		7794798729	58.045	30.9	8.696	5.355	15469.207	10	233.07	8.51	6.434	34.635	60.13	2.705	72.58
OWID_WRL		World	7/13/2020	12933284	194193	209739.714	564836	3890	4922.429	1659.22	24.913	26.908	72.463	0.499	0.632		7794798729	58.045	30.9	8.696	5.355	15469.207	10	233.07	8.51	6.434	34.635	60.13	2.705	72.58
OWID_WRL		World	7/14/2020	13125837	192553	211938.429	568675	3839	4922.143	1683.923	24.703	27.19	72.956	0.493	0.631		7794798729	58.045	30.9	8.696	5.355	15469.207	10	233.07	8.51	6.434	34.635	60.13	2.705	72.58
OWID_WRL		World	7/15/2020	13350891	225054	214301.714	574253	5578	4862.429	1712.795	28.872	27.493	73.671	0.716	0.624		7794798729	58.045	30.9	8.696	5.355	15469.207	10	233.07	8.51	6.434	34.635	60.13	2.705	72.58
OWID_WRL		World	7/16/2020	13585179	234288	216926.857	579754	5501	4894.429	1742.852	30.057	27.83	74.377	0.706	0.628		7794798729	58.045	30.9	8.696	5.355	15469.207	10	233.07	8.51	6.434	34.635	60.13	2.705	72.58
OWID_WRL		World	7/17/2020	13841330	256151	221382.571	585498	5744	4946	1775.714	32.862	28.401	75.114	0.737	0.635		7794798729	58.045	30.9	8.696	5.355	15469.207	10	233.07	8.51	6.434	34.635	60.13	2.705	72.58
OWID_WRL		World	7/18/2020	14090157	248827	223826.429	592731	7233	5225.429	1807.636	31.922	28.715	76.042	0.928	0.67		7794798729	58.045	30.9	8.696	5.355	15469.207	10	233.07	8.51	6.434	34.635	60.13	2.705	72.58
OWID_WRL		World	7/19/2020	14317177	227020	225440.857	597709	4978	5251.857	1836.76	29.125	28.922	76.68	0.639	0.674		7794798729	58.045	30.9	8.696	5.355	15469.207	10	233.07	8.51	6.434	34.635	60.13	2.705	72.58
OWID_WRL		World	7/20/2020	14530805	213628	228217.286	601644	3935	5258.286	1864.167	27.406	29.278	77.185	0.505	0.675		7794798729	58.045	30.9	8.696	5.355	15469.207	10	233.07	8.51	6.434	34.635	60.13	2.705	72.58
OWID_WRL		World	7/21/2020	14735441	204636	229943.429	605736	4092	5294.429	1890.42	26.253	29.5	77.71	0.525	0.679		7794798729	58.045	30.9	8.696	5.355	15469.207	10	233.07	8.51	6.434	34.635	60.13	2.705	72.58
OWID_WRL		World	7/22/2020	14976977	241536	232298	611859	6123	5372.286	1921.407	30.987	29.802	78.496	0.786	0.689		7794798729	58.045	30.9	8.696	5.355	15469.207	10	233.07	8.51	6.434	34.635	60.13	2.705	72.58
OWID_WRL		World	7/23/2020	15260867	283890	239384	618736	6877	5568.857	1957.827	36.42	30.711	79.378	0.882	0.714		7794798729	58.045	30.9	8.696	5.355	15469.207	10	233.07	8.51	6.434	34.635	60.13	2.705	72.58
OWID_WRL		World	7/24/2020	15536708	275841	242196.857	628515	9779	6145.286	1993.215	35.388	31.072	80.633	1.255	0.788		7794798729	58.045	30.9	8.696	5.355	15469.207	10	233.07	8.51	6.434	34.635	60.13	2.705	72.58
OWID_WRL		World	7/25/2020	15820995	284287	247262.571	634771	6256	6005.714	2029.686	36.471	31.721	81.435	0.803	0.77		7794798729	58.045	30.9	8.696	5.355	15469.207	10	233.07	8.51	6.434	34.635	60.13	2.705	72.58
OWID_WRL		World	7/26/2020	16077985	256990	251544	640504	5733	6113.571	2062.656	32.969	32.271	82.171	0.735	0.784		7794798729	58.045	30.9	8.696	5.355	15469.207	10	233.07	8.51	6.434	34.635	60.13	2.705	72.58
OWID_WRL		World	7/27/2020	16307328	229343	253789	644467	3963	6117.571	2092.078	29.423	32.559	82.679	0.508	0.785		7794798729	58.045	30.9	8.696	5.355	15469.207	10	233.07	8.51	6.434	34.635	60.13	2.705	72.58
OWID_WRL		World	7/28/2020	16522675	215347	255319.143	649123	4656	6198.143	2119.705	27.627	32.755	83.276	0.597	0.795		7794798729	58.045	30.9	8.696	5.355	15469.207	10	233.07	8.51	6.434	34.635	60.13	2.705	72.58
OWID_WRL		World	7/29/2020	16767379	244704	255771.714	655283	6160	6203.429	2151.098	31.393	32.813	84.067	0.79	0.796		7794798729	58.045	30.9	8.696	5.355	15469.207	10	233.07	8.51	6.434	34.635	60.13	2.705	72.58
OWID_WRL		World	7/30/2020	17067355	299976	258069.714	661924	6641	6169.714	2189.583	38.484	33.108	84.919	0.852	0.792		7794798729	58.045	30.9	8.696	5.355	15469.207	10	233.07	8.51	6.434	34.635	60.13	2.705	72.58
OWID_WRL		World	7/31/2020	17357580	290225	260124.571	668307	6383	5684.571	2226.816	37.233	33.372	85.738	0.819	0.729		7794798729	58.045	30.9	8.696	5.355	15469.207	10	233.07	8.51	6.434	34.635	60.13	2.705	72.58
OWID_WRL		World	8/1/2020	17634844	277264	259121.286	674429	6122	5665.429	2262.386	35.57	33.243	86.523	0.785	0.727		7794798729	58.045	30.9	8.696	5.355	15469.207	10	233.07	8.51	6.434	34.635	60.13	2.705	72.58
OWID_WRL		World	8/2/2020	17896866	262022	259840.143	680187	5758	5669	2296.001	33.615	33.335	87.262	0.739	0.727		7794798729	58.045	30.9	8.696	5.355	15469.207	10	233.07	8.51	6.434	34.635	60.13	2.705	72.58
OWID_WRL		World	8/3/2020	18117779	220913	258635.857	684420	4233	5707.571	2324.342	28.341	33.181	87.805	0.543	0.732		7794798729	58.045	30.9	8.696	5.355	15469.207	10	233.07	8.51	6.434	34.635	60.13	2.705	72.58
OWID_WRL		World	8/4/2020	18325099	207320	257489.143	688646	4226	5646.143	2350.939	26.597	33.033	88.347	0.542	0.724		7794798729	58.045	30.9	8.696	5.355	15469.207	10	233.07	8.51	6.434	34.635	60.13	2.705	72.58
OWID_WRL		World	8/5/2020	18581909	256810	259218.571	695376	6730	5727.571	2383.886	32.946	33.255	89.21	0.863	0.735		7794798729	58.045	30.9	8.696	5.355	15469.207	10	233.07	8.51	6.434	34.635	60.13	2.705	72.58
OWID_WRL		World	8/6/2020	18859750	277841	256056.429	702474	7098	5792.857	2419.53	35.644	32.85	90.121	0.911	0.743		7794798729	58.045	30.9	8.696	5.355	15469.207	10	233.07	8.51	6.434	34.635	60.13	2.705	72.58
OWID_WRL		World	8/7/2020	19145685	285935	255443.571	709369	6895	5866	2456.213	36.683	32.771	91.005	0.885	0.753		7794798729	58.045	30.9	8.696	5.355	15469.207	10	233.07	8.51	6.434	34.635	60.13	2.705	72.58
OWID_WRL		World	8/8/2020	19421537	275852	255241.857	715836	6467	5915.286	2491.602	35.389	32.745	91.835	0.83	0.759		7794798729	58.045	30.9	8.696	5.355	15469.207	10	233.07	8.51	6.434	34.635	60.13	2.705	72.58
OWID_WRL		World	8/9/2020	19687227	265690	255765.857	721470	5634	5897.571	2525.688	34.086	32.812	92.558	0.723	0.757		7794798729	58.045	30.9	8.696	5.355	15469.207	10	233.07	8.51	6.434	34.635	60.13	2.705	72.58
OWID_WRL		World	8/10/2020	19914761	227534	256711.714	726294	4824	5982	2554.878	29.19	32.934	93.177	0.619	0.767		7794798729	58.045	30.9	8.696	5.355	15469.207	10	233.07	8.51	6.434	34.635	60.13	2.705	72.58
OWID_WRL		World	8/11/2020	20135942	221181	258691.857	731111	4817	6066.429	2583.254	28.375	33.188	93.795	0.618	0.778		7794798729	58.045	30.9	8.696	5.355	15469.207	10	233.07	8.51	6.434	34.635	60.13	2.705	72.58
OWID_WRL		World	8/12/2020	20397550	261608	259377.286	737248	6137	5981.714	2616.815	33.562	33.276	94.582	0.787	0.767		7794798729	58.045	30.9	8.696	5.355	15469.207	10	233.07	8.51	6.434	34.635	60.13	2.705	72.58
OWID_WRL		World	8/13/2020	20687269	289719	261074.143	744148	6900	5953.429	2653.984	37.168	33.493	95.467	0.885	0.764		7794798729	58.045	30.9	8.696	5.355	15469.207	10	233.07	8.51	6.434	34.635	60.13	2.705	72.58
OWID_WRL		World	8/14/2020	20972814	285545	261018.429	754057	9909	6384	2690.616	36.633	33.486	96.738	1.271	0.819		7794798729	58.045	30.9	8.696	5.355	15469.207	10	233.07	8.51	6.434	34.635	60.13	2.705	72.58
OWID_WRL		World	8/15/2020	21262239	289425	262957.429	760297	6240	6351.571	2727.747	37.131	33.735	97.539	0.801	0.815		7794798729	58.045	30.9	8.696	5.355	15469.207	10	233.07	8.51	6.434	34.635	60.13	2.705	72.58
OWID_WRL		World	8/16/2020	21518578	256339	261621.571	765954	5657	6354.857	2760.633	32.886	33.564	98.265	0.726	0.815		7794798729	58.045	30.9	8.696	5.355	15469.207	10	233.07	8.51	6.434	34.635	60.13	2.705	72.58
OWID_WRL		World	8/17/2020	21748834	230256	262010.429	770187	4233	6270.429	2790.173	29.54	33.613	98.808	0.543	0.804		7794798729	58.045	30.9	8.696	5.355	15469.207	10	233.07	8.51	6.434	34.635	60.13	2.705	72.58
OWID_WRL		World	8/18/2020	21948477	199643	258933.571	774484	4297	6196.143	2815.785	25.612	33.219	99.359	0.551	0.795		7794798729	58.045	30.9	8.696	5.355	15469.207	10	233.07	8.51	6.434	34.635	60.13	2.705	72.58
OWID_WRL		World	8/19/2020	22206542	258065	258427.429	781180	6696	6276	2848.892	33.107	33.154	100.218	0.859	0.805		7794798729	58.045	30.9	8.696	5.355	15469.207	10	233.07	8.51	6.434	34.635	60.13	2.705	72.58
OWID_WRL		World	8/20/2020	22487200	280658	257133	787692	6512	6220.571	2884.898	36.006	32.988	101.054	0.835	0.798		7794798729	58.045	30.9	8.696	5.355	15469.207	10	233.07	8.51	6.434	34.635	60.13	2.705	72.58
OWID_WRL		World	8/21/2020	22761653	274453	255548.429	794045	6353	5712.571	2920.108	35.21	32.784	101.869	0.815	0.733		7794798729	58.045	30.9	8.696	5.355	15469.207	10	233.07	8.51	6.434	34.635	60.13	2.705	72.58
OWID_WRL		World	8/22/2020	23015974	254321	250533.571	799914	5869	5659.571	2952.735	32.627	32.141	102.622	0.753	0.726		7794798729	58.045	30.9	8.696	5.355	15469.207	10	233.07	8.51	6.434	34.635	60.13	2.705	72.58
OWID_WRL		World	8/23/2020	23279285	263311	251529.571	805557	5643	5657.571	2986.515	33.78	32.269	103.345	0.724	0.726		7794798729	58.045	30.9	8.696	5.355	15469.207	10	233.07	8.51	6.434	34.635	60.13	2.705	72.58
OWID_WRL		World	8/24/2020	23503506	224221	250667.429	808897	3340	5530	3015.281	28.765	32.158	103.774	0.428	0.709		7794798729	58.045	30.9	8.696	5.355	15469.207	10	233.07	8.51	6.434	34.635	60.13	2.705	72.58
OWID_WRL		World	8/25/2020	23716687	213181	252601.429	813144	4247	5522.857	3042.63	27.349	32.406	104.319	0.545	0.709		7794798729	58.045	30.9	8.696	5.355	15469.207	10	233.07	8.51	6.434	34.635	60.13	2.705	72.58
OWID_WRL		World	8/26/2020	23973246	256559	252386.286	819621	6477	5491.571	3075.544	32.914	32.379	105.15	0.831	0.705		7794798729	58.045	30.9	8.696	5.355	15469.207	10	233.07	8.51	6.434	34.635	60.13	2.705	72.58
OWID_WRL		World	8/27/2020	24251508	278262	252044	825915	6294	5460.429	3111.242	35.698	32.335	105.957	0.807	0.701		7794798729	58.045	30.9	8.696	5.355	15469.207	10	233.07	8.51	6.434	34.635	60.13	2.705	72.58
OWID_WRL		World	8/28/2020	24535140	283632	253355.286	831997	6082	5421.714	3147.63	36.387	32.503	106.737	0.78	0.696		7794798729	58.045	30.9	8.696	5.355	15469.207	10	233.07	8.51	6.434	34.635	60.13	2.705	72.58
OWID_WRL		World	8/29/2020	24812121	276981	256592.429	837454	5457	5362.857	3183.164	35.534	32.918	107.438	0.7	0.688		7794798729	58.045	30.9	8.696	5.355	15469.207	10	233.07	8.51	6.434	34.635	60.13	2.705	72.58
OWID_WRL		World	8/30/2020	25078175	266054	256984.286	843151	5697	5370.571	3217.296	34.132	32.969	108.168	0.731	0.689		7794798729	58.045	30.9	8.696	5.355	15469.207	10	233.07	8.51	6.434	34.635	60.13	2.705	72.58
OWID_WRL		World	8/31/2020	25321394	243219	259698.286	846924	3773	5432.429	3248.499	31.203	33.317	108.652	0.484	0.697		7794798729	58.045	30.9	8.696	5.355	15469.207	10	233.07	8.51	6.434	34.635	60.13	2.705	72.58
OWID_WRL		World	9/1/2020	25566910	245516	264317.571	850977	4053	5404.714	3279.996	31.497	33.909	109.172	0.52	0.693		7794798729	58.045	30.9	8.696	5.355	15469.207	10	233.07	8.51	6.434	34.635	60.13	2.705	72.58
OWID_WRL		World	9/2/2020	25835915	269005	266095.571	857489	6512	5409.714	3314.507	34.511	34.138	110.008	0.835	0.694		7794798729	58.045	30.9	8.696	5.355	15469.207	10	233.07	8.51	6.434	34.635	60.13	2.705	72.58
OWID_WRL		World	9/3/2020	26120891	284976	267054.714	863567	6078	5378.857	3351.067	36.56	34.261	110.788	0.78	0.69		7794798729	58.045	30.9	8.696	5.355	15469.207	10	233.07	8.51	6.434	34.635	60.13	2.705	72.58
OWID_WRL		World	9/4/2020	26400956	280065	266545.143	869359	5792	5337.429	3386.996	35.93	34.195	111.531	0.743	0.685		7794798729	58.045	30.9	8.696	5.355	15469.207	10	233.07	8.51	6.434	34.635	60.13	2.705	72.58
OWID_WRL		World	9/5/2020	26695863	294907	269106	874983	5624	5361.286	3424.83	37.834	34.524	112.252	0.722	0.688		7794798729	58.045	30.9	8.696	5.355	15469.207	10	233.07	8.51	6.434	34.635	60.13	2.705	72.58
OWID_WRL		World	9/6/2020	26969304	273441	270161.286	880308	5325	5308.143	3459.91	35.08	34.659	112.935	0.683	0.681		7794798729	58.045	30.9	8.696	5.355	15469.207	10	233.07	8.51	6.434	34.635	60.13	2.705	72.58
OWID_WRL		World	9/7/2020	27215333	246029	270562.714	889341	9033	6059.571	3491.473	31.563	34.711	114.094	1.159	0.777		7794798729	58.045	30.9	8.696	5.355	15469.207	10	233.07	8.51	6.434	34.635	60.13	2.705	72.58
OWID_WRL		World	9/8/2020	27424350	209017	265348.571	893161	3820	6026.286	3518.288	26.815	34.042	114.584	0.49	0.773		7794798729	58.045	30.9	8.696	5.355	15469.207	10	233.07	8.51	6.434	34.635	60.13	2.705	72.58
OWID_WRL		World	9/9/2020	27670046	245696	262018.714	898125	4964	5805.143	3549.809	31.521	33.615	115.221	0.637	0.745		7794798729	58.045	30.9	8.696	5.355	15469.207	10	233.07	8.51	6.434	34.635	60.13	2.705	72.58
OWID_WRL		World	9/10/2020	27959230	289184	262619.857	904218	6093	5807.286	3586.909	37.1	33.692	116.003	0.782	0.745		7794798729	58.045	30.9	8.696	5.355	15469.207	10	233.07	8.51	6.434	34.635	60.13	2.705	72.58
OWID_WRL		World	9/11/2020	28264922	305692	266280.857	910110	5892	5821.571	3626.126	39.217	34.161	116.759	0.756	0.747		7794798729	58.045	30.9	8.696	5.355	15469.207	10	233.07	8.51	6.434	34.635	60.13	2.705	72.58
OWID_WRL		World	9/12/2020	28569618	304696	267679.286	915995	5885	5858.857	3665.216	39.09	34.341	117.514	0.755	0.752		7794798729	58.045	30.9	8.696	5.355	15469.207	10	233.07	8.51	6.434	34.635	60.13	2.705	72.58
OWID_WRL		World	9/13/2020	28853754	284136	269207.143	920922	4927	5802	3701.668	36.452	34.537	118.146	0.632	0.744		7794798729	58.045	30.9	8.696	5.355	15469.207	10	233.07	8.51	6.434	34.635	60.13	2.705	72.58
OWID_WRL		World	9/14/2020	29123697	269943	272623.429	924802	3880	5065.857	3736.299	34.631	34.975	118.643	0.498	0.65		7794798729	58.045	30.9	8.696	5.355	15469.207	10	233.07	8.51	6.434	34.635	60.13	2.705	72.58
OWID_WRL		World	9/15/2020	29369217	245520	277838.143	929038	4236	5125.286	3767.797	31.498	35.644	119.187	0.543	0.658		7794798729	58.045	30.9	8.696	5.355	15469.207	10	233.07	8.51	6.434	34.635	60.13	2.705	72.58
OWID_WRL		World	9/16/2020	29672740	303523	286099.143	935994	6956	5409.857	3806.736	38.939	36.704	120.079	0.892	0.694		7794798729	58.045	30.9	8.696	5.355	15469.207	10	233.07	8.51	6.434	34.635	60.13	2.705	72.58
OWID_WRL		World	9/17/2020	29962456	289716	286175.143	941431	5437	5316.143	3843.904	37.168	36.714	120.777	0.698	0.682		7794798729	58.045	30.9	8.696	5.355	15469.207	10	233.07	8.51	6.434	34.635	60.13	2.705	72.58
OWID_WRL		World	9/18/2020	30280642	318186	287960	946750	5319	5234.286	3884.724	40.82	36.943	121.459	0.682	0.672		7794798729	58.045	30.9	8.696	5.355	15469.207	10	233.07	8.51	6.434	34.635	60.13	2.705	72.58
OWID_WRL		World	9/19/2020	30592610	311968	288998.857	952703	5953	5244	3924.747	40.023	37.076	122.223	0.764	0.673		7794798729	58.045	30.9	8.696	5.355	15469.207	10	233.07	8.51	6.434	34.635	60.13	2.705	72.58
OWID_WRL		World	9/20/2020	30886115	293505	290337.286	957776	5073	5264.857	3962.401	37.654	37.248	122.874	0.651	0.675		7794798729	58.045	30.9	8.696	5.355	15469.207	10	233.07	8.51	6.434	34.635	60.13	2.705	72.58
OWID_WRL		World	9/21/2020	31170444	284329	292392.429	961521	3745	5245.571	3998.877	36.477	37.511	123.354	0.48	0.673		7794798729	58.045	30.9	8.696	5.355	15469.207	10	233.07	8.51	6.434	34.635	60.13	2.705	72.58
OWID_WRL		World	9/22/2020	31439383	268939	295738	965916	4395	5268.286	4033.38	34.502	37.94	123.918	0.564	0.676		7794798729	58.045	30.9	8.696	5.355	15469.207	10	233.07	8.51	6.434	34.635	60.13	2.705	72.58
OWID_WRL		World	9/23/2020	31722093	282710	292764.714	971981	6065	5141	4069.649	36.269	37.559	124.696	0.778	0.66		7794798729	58.045	30.9	8.696	5.355	15469.207	10	233.07	8.51	6.434	34.635	60.13	2.705	72.58
OWID_WRL		World	9/24/2020	32033574	311481	295874	978346	6365	5273.571	4109.609	39.96	37.958	125.513	0.817	0.677		7794798729	58.045	30.9	8.696	5.355	15469.207	10	233.07	8.51	6.434	34.635	60.13	2.705	72.58
OWID_WRL		World	9/25/2020	32354462	320888	296260	984129	5783	5339.857	4150.776	41.167	38.007	126.255	0.742	0.685		7794798729	58.045	30.9	8.696	5.355	15469.207	10	233.07	8.51	6.434	34.635	60.13	2.705	72.58
OWID_WRL		World	9/26/2020	32666063	311601	296207.571	989706	5577	5286.143	4190.751	39.976	38.001	126.97	0.715	0.678		7794798729	58.045	30.9	8.696	5.355	15469.207	10	233.07	8.51	6.434	34.635	60.13	2.705	72.58
OWID_WRL		World	9/27/2020	32965330	299267	297030.714	995127	5421	5335.857	4229.144	38.393	38.106	127.666	0.695	0.685		7794798729	58.045	30.9	8.696	5.355	15469.207	10	233.07	8.51	6.434	34.635	60.13	2.705	72.58
OWID_WRL		World	9/28/2020	33245186	279856	296391.714	998950	3823	5347	4265.047	35.903	38.024	128.156	0.49	0.686		7794798729	58.045	30.9	8.696	5.355	15469.207	10	233.07	8.51	6.434	34.635	60.13	2.705	72.58
OWID_WRL		World	9/29/2020	33483698	238512	292045	1002874	3924	5279.714	4295.646	30.599	37.467	128.659	0.503	0.677		7794798729	58.045	30.9	8.696	5.355	15469.207	10	233.07	8.51	6.434	34.635	60.13	2.705	72.58
OWID_WRL		World	9/30/2020	33777638	293940	293649.286	1009093	6219	5301.714	4333.356	37.71	37.672	129.457	0.798	0.68		7794798729	58.045	30.9	8.696	5.355	15469.207	10	233.07	8.51	6.434	34.635	60.13	2.705	72.58
OWID_WRL		World	10/1/2020	34093647	316009	294296.143	1015201	6108	5265	4373.897	40.541	37.755	130.241	0.784	0.675		7794798729	58.045	30.9	8.696	5.355	15469.207	10	233.07	8.51	6.434	34.635	60.13	2.705	72.58
OWID_WRL		World	10/2/2020	34416817	323170	294622.143	1023973	8772	5692	4415.357	41.46	37.797	131.366	1.125	0.73		7794798729	58.045	30.9	8.696	5.355	15469.207	10	233.07	8.51	6.434	34.635	60.13	2.705	72.58
OWID_WRL		World	10/3/2020	34735607	318790	295649.143	1029508	5535	5686	4456.255	40.898	37.929	132.076	0.71	0.729		7794798729	58.045	30.9	8.696	5.355	15469.207	10	233.07	8.51	6.434	34.635	60.13	2.705	72.58
OWID_WRL		World	10/4/2020	35037519	301912	296027	1034231	4723	5586.286	4494.987	38.732	37.978	132.682	0.606	0.717		7794798729	58.045	30.9	8.696	5.355	15469.207	10	233.07	8.51	6.434	34.635	60.13	2.705	72.58
OWID_WRL		World	10/5/2020	35318537	281018	296193	1038197	3966	5606.714	4531.039	36.052	37.999	133.191	0.509	0.719		7794798729	58.045	30.9	8.696	5.355	15469.207	10	233.07	8.51	6.434	34.635	60.13	2.705	72.58
OWID_WRL		World	10/6/2020	35588953	270416	300750.714	1042650	4453	5682.286	4565.731	34.692	38.584	133.762	0.571	0.729		7794798729	58.045	30.9	8.696	5.355	15469.207	10	233.07	8.51	6.434	34.635	60.13	2.705	72.58
OWID_WRL		World	10/7/2020	35915709	326756	305438.714	1048268	5618	5596.429	4607.651	41.92	39.185	134.483	0.721	0.718		7794798729	58.045	30.9	8.696	5.355	15469.207	10	233.07	8.51	6.434	34.635	60.13	2.705	72.58
OWID_WRL		World	10/8/2020	36269334	353625	310812.429	1054120	5852	5559.857	4653.017	45.367	39.874	135.234	0.751	0.713		7794798729	58.045	30.9	8.696	5.355	15469.207	10	233.07	8.51	6.434	34.635	60.13	2.705	72.58
OWID_WRL		World	10/9/2020	36632373	363039	316508	1063239	9119	5609.429	4699.592	46.575	40.605	136.404	1.17	0.72		7794798729	58.045	30.9	8.696	5.355	15469.207	10	233.07	8.51	6.434	34.635	60.13	2.705	72.58
OWID_WRL		World	10/10/2020	36981602	349229	320856.429	1068988	5749	5640	4744.395	44.803	41.163	137.141	0.738	0.724		7794798729	58.045	30.9	8.696	5.355	15469.207	10	233.07	8.51	6.434	34.635	60.13	2.705	72.58
OWID_WRL		World	10/11/2020	37330602	349000	327583.286	1073854	4866	5660.429	4789.168	44.773	42.026	137.765	0.624	0.726		7794798729	58.045	30.9	8.696	5.355	15469.207	10	233.07	8.51	6.434	34.635	60.13	2.705	72.58
OWID_WRL		World	10/12/2020	37634383	303781	330835.143	1077823	3969	5660.857	4828.14	38.972	42.443	138.275	0.509	0.726		7794798729	58.045	30.9	8.696	5.355	15469.207	10	233.07	8.51	6.434	34.635	60.13	2.705	72.58
OWID_WRL		World	10/13/2020	37920146	285763	333027.571	1081764	3941	5587.714	4864.801	36.661	42.724	138.78	0.506	0.717		7794798729	58.045	30.9	8.696	5.355	15469.207	10	233.07	8.51	6.434	34.635	60.13	2.705	72.58
OWID_WRL		World	10/14/2020	38250840	330694	333590.143	1087294	5530	5575.143	4907.226	42.425	42.797	139.49	0.709	0.715		7794798729	58.045	30.9	8.696	5.355	15469.207	10	233.07	8.51	6.434	34.635	60.13	2.705	72.58
OWID_WRL		World	10/15/2020	38639222	388382	338555.429	1093331	6037	5601.571	4957.052	49.826	43.434	140.264	0.774	0.719		7794798729	58.045	30.9	8.696	5.355	15469.207	10	233.07	8.51	6.434	34.635	60.13	2.705	72.58
OWID_WRL		World	10/16/2020	39041795	402573	344203.143	1099442	6111	5171.857	5008.698	51.646	44.158	141.048	0.784	0.664		7794798729	58.045	30.9	8.696	5.355	15469.207	10	233.07	8.51	6.434	34.635	60.13	2.705	72.58
OWID_WRL		World	10/17/2020	39439100	397305	351071.143	1105388	5946	5200	5059.669	50.971	45.039	141.811	0.763	0.667		7794798729	58.045	30.9	8.696	5.355	15469.207	10	233.07	8.51	6.434	34.635	60.13	2.705	72.58
OWID_WRL		World	10/18/2020	39808687	369587	354012.143	1110927	5539	5296.143	5107.083	47.415	45.416	142.522	0.711	0.679		7794798729	58.045	30.9	8.696	5.355	15469.207	10	233.07	8.51	6.434	34.635	60.13	2.705	72.58
OWID_WRL		World	10/19/2020	40170738	362051	362336.429	1114877	3950	5293.429	5153.531	46.448	46.484	143.028	0.507	0.679		7794798729	58.045	30.9	8.696	5.355	15469.207	10	233.07	8.51	6.434	34.635	60.13	2.705	72.58
OWID_WRL		World	10/20/2020	40520156	349418	371430	1119550	4673	5398	5198.358	44.827	47.651	143.628	0.6	0.693		7794798729	58.045	30.9	8.696	5.355	15469.207	10	233.07	8.51	6.434	34.635	60.13	2.705	72.58
OWID_WRL		World	10/21/2020	40914984	394828	380592	1125962	6412	5524	5249.011	50.653	48.826	144.45	0.823	0.709		7794798729	58.045	30.9	8.696	5.355	15469.207	10	233.07	8.51	6.434	34.635	60.13	2.705	72.58
OWID_WRL		World	10/22/2020	41366962	451978	389677.143	1132706	6744	5625	5306.996	57.985	49.992	145.316	0.865	0.722		7794798729	58.045	30.9	8.696	5.355	15469.207	10	233.07	8.51	6.434	34.635	60.13	2.705	72.58
OWID_WRL		World	10/23/2020	41838968	472006	399596.143	1139072	6366	5661.429	5367.549	60.554	51.264	146.132	0.817	0.726		7794798729	58.045	30.9	8.696	5.355	15469.207	10	233.07	8.51	6.434	34.635	60.13	2.705	72.58
OWID_WRL		World	10/24/2020	42327328	488360	412604	1145406	6334	5716.857	5430.202	62.652	52.933	146.945	0.813	0.733		7794798729	58.045	30.9	8.696	5.355	15469.207	10	233.07	8.51	6.434	34.635	60.13	2.705	72.58
OWID_WRL		World	10/25/2020	42786786	459458	425442.714	1151195	5789	5752.571	5489.146	58.944	54.58	147.688	0.743	0.738		7794798729	58.045	30.9	8.696	5.355	15469.207	10	233.07	8.51	6.434	34.635	60.13	2.705	72.58
OWID_WRL		World	10/26/2020	43225730	438944	436427.429	1155636	4441	5822.714	5545.458	56.312	55.99	148.257	0.57	0.747		7794798729	58.045	30.9	8.696	5.355	15469.207	10	233.07	8.51	6.434	34.635	60.13	2.705	72.58
OWID_WRL		World	10/27/2020	43640727	414997	445795.857	1161098	5462	5935.429	5598.698	53.24	57.191	148.958	0.701	0.761		7794798729	58.045	30.9	8.696	5.355	15469.207	10	233.07	8.51	6.434	34.635	60.13	2.705	72.58
OWID_WRL		World	10/28/2020	44114444	473717	457065.714	1168398	7300	6062.286	5659.472	60.773	58.637	149.895	0.937	0.778		7794798729	58.045	30.9	8.696	5.355	15469.207	10	233.07	8.51	6.434	34.635	60.13	2.705	72.58
OWID_WRL		World	10/29/2020	44625729	511285	465538.143	1175574	7176	6124	5725.065	65.593	59.724	150.815	0.921	0.786		7794798729	58.045	30.9	8.696	5.355	15469.207	10	233.07	8.51	6.434	34.635	60.13	2.705	72.58
OWID_WRL		World	10/30/2020	45120596	494867	468804	1182408	6834	6190.857	5788.552	63.487	60.143	151.692	0.877	0.794		7794798729	58.045	30.9	8.696	5.355	15469.207	10	233.07	8.51	6.434	34.635	60.13	2.705	72.58
